instrument_id,x_pos,y_pos,z_pos,state
ROBOT0001,0.07810160628371961,-0.12215232105775248,0.7418604168016469,open
ROBOT0002,0.3443029861958712,0.2334305809066498,-0.18649356987875568,open
ROBOT0003,0.1644214017146302,-0.09986046197969199,0.46676006093226335,closed
ROBOT0004,0.07181309279503499,0.6268368012513277,0.04623187160464717,moving
